1,Debra,Burke,dburke0@unblog.fr
2,Robin,Harvey,rharvey1@constantcontact.com
3,Wanda,Medina,wmedina2@cmu.edu
4,Jeffrey,Richardson,jrichardson3@independent.co.uk
5,Tina,Murphy,tmurphy4@google.es
6,Louise,Hicks,lhicks5@so-net.ne.jp
7,Wanda,Hart,whart6@lulu.com
8,Maria,Duncan,mduncan7@lycos.com
9,Jason,Hunter,jhunter8@about.com
10,Kelly,Woods,kwoods9@github.com
11,Barbara,Washington,bwashingtona@economist.com
12,Gloria,Burns,gburnsb@booking.com
13,Rebecca,Hall,rhallc@senate.gov
14,Barbara,Brooks,bbrooksd@nhs.uk
15,Eric,Montgomery,emontgomerye@dedecms.com
16,Emily,Kelly,ekellyf@google.co.jp
17,Alan,West,awestg@last.fm
18,Tina,Hunt,thunth@scientificamerican.com
19,Kimberly,Bishop,kbishopi@icio.us
20,Ashley,Rose,arosej@privacy.gov.au
21,Irene,Dixon,idixonk@ibm.com
22,Antonio,Powell,apowelll@buzzfeed.com
23,Emily,Parker,eparkerm@webnode.com
24,Diana,Thompson,dthompsonn@nyu.edu
25,Janet,Woods,jwoodso@toplist.cz
26,Ralph,Campbell,rcampbellp@bizjournals.com
27,Justin,Young,jyoungq@51.la
28,Henry,Palmer,hpalmerr@angelfire.com
29,Dennis,Peterson,dpetersons@prnewswire.com
30,Linda,Duncan,lduncant@i2i.jp
31,Jerry,Nguyen,jnguyenu@topsy.com
32,Jack,Carter,jcarterv@virginia.edu
33,Joshua,Reid,jreidw@google.ru
34,Karen,Wagner,kwagnerx@addtoany.com
35,Antonio,Stewart,astewarty@msu.edu
36,Ronald,Flores,rfloresz@smh.com.au
37,Earl,Ray,eray10@canalblog.com
38,Mary,Reed,mreed11@ca.gov
39,Shawn,Gardner,sgardner12@epa.gov
40,Paula,Ford,pford13@addthis.com
41,Shawn,Roberts,sroberts14@dmoz.org
42,Michael,Jordan,mjordan15@discuz.net
43,Jesse,Ramos,jramos16@live.com
44,Christopher,Stephens,cstephens17@independent.co.uk
45,Laura,Nelson,lnelson18@msn.com
46,Steven,Murray,smurray19@qq.com
47,Jacqueline,Ross,jross1a@eventbrite.com
48,Earl,Bell,ebell1b@blinklist.com
49,Nicole,Fernandez,nfernandez1c@sogou.com
50,Anna,Price,aprice1d@bloglines.com
51,Amanda,Owens,aowens1e@examiner.com
52,Beverly,Brooks,bbrooks1f@salon.com
53,Carl,Diaz,cdiaz1g@noaa.gov
54,Sharon,Coleman,scoleman1h@theglobeandmail.com
55,Russell,Hunt,rhunt1i@amazonaws.com
56,James,Hudson,jhudson1j@pbs.org
57,Jason,Frazier,jfrazier1k@wordpress.org
58,Ruth,Hanson,rhanson1l@over-blog.com
59,Billy,Murray,bmurray1m@histats.com
60,Lawrence,Nichols,lnichols1n@whitehouse.gov
61,Paul,Russell,prussell1o@bing.com
62,Kimberly,Sims,ksims1p@samsung.com
63,Ashley,Austin,aaustin1q@sphinn.com
64,Fred,Thompson,fthompson1r@nps.gov
65,Carlos,Lane,clane1s@blogger.com
66,Beverly,Cruz,bcruz1t@fastcompany.com
67,Susan,Spencer,sspencer1u@seattletimes.com
68,William,Gomez,wgomez1v@mac.com
69,Amy,Boyd,aboyd1w@columbia.edu
70,Catherine,Lane,clane1x@symantec.com
71,Gerald,Mcdonald,gmcdonald1y@skyrock.com
72,Denise,Harris,dharris1z@cisco.com
73,Henry,Cole,hcole20@independent.co.uk
74,Robin,Adams,radams21@slate.com
75,Michael,Roberts,mroberts22@nsw.gov.au
76,Aaron,Peterson,apeterson23@disqus.com
77,Julie,Lawrence,jlawrence24@amazon.com
78,Henry,Cooper,hcooper25@addthis.com
79,Rebecca,Webb,rwebb26@godaddy.com
80,Jessica,Hawkins,jhawkins27@csmonitor.com
81,James,Robinson,jrobinson28@noaa.gov
82,Lawrence,Perry,lperry29@123-reg.co.uk
83,Deborah,Dunn,ddunn2a@mapy.cz
84,Ashley,Allen,aallen2b@ameblo.jp
85,Richard,Richardson,rrichardson2c@telegraph.co.uk
86,Victor,Larson,vlarson2d@mashable.com
87,Fred,Ryan,fryan2e@wikimedia.org
88,Anna,Harrison,aharrison2f@senate.gov
89,Timothy,Davis,tdavis2g@google.ca
90,Dennis,Hayes,dhayes2h@theglobeandmail.com
91,Angela,Miller,amiller2i@com.com
92,Judy,Young,jyoung2j@google.com.br
93,Tammy,Thompson,tthompson2k@paginegialle.it
94,Mark,Patterson,mpatterson2l@hp.com
95,Denise,Fowler,dfowler2m@baidu.com
96,Gary,Bowman,gbowman2n@acquirethisname.com
97,Paula,Porter,pporter2o@theguardian.com
98,Louis,Owens,lowens2p@mozilla.com
99,Irene,Murphy,imurphy2q@cam.ac.uk
100,Joshua,Hunt,jhunt2r@w3.org
101,Keith,Richards,krichards2s@cam.ac.uk
102,Nicole,Long,nlong2t@indiegogo.com
103,Evelyn,Payne,epayne2u@wiley.com
104,Nicholas,Daniels,ndaniels2v@msn.com
105,Jesse,Hudson,jhudson2w@scientificamerican.com
106,Aaron,Allen,aallen2x@w3.org
107,Kelly,Burke,kburke2y@nsw.gov.au
108,Brandon,Richardson,brichardson2z@jimdo.com
109,Nancy,Carter,ncarter30@java.com
110,Chris,Morris,cmorris31@usda.gov
111,Richard,Ford,rford32@etsy.com
112,William,Cole,wcole33@1und1.de
113,Wayne,West,wwest34@blogger.com
114,Jane,Rivera,jrivera35@admin.ch
115,Juan,Burke,jburke36@deliciousdays.com
116,Arthur,Carr,acarr37@china.com.cn
117,Wanda,Johnston,wjohnston38@usnews.com
118,Eric,Scott,escott39@goodreads.com
119,Raymond,Ward,rward3a@angelfire.com
120,Jerry,Bailey,jbailey3b@pagesperso-orange.fr
121,Lisa,Gonzales,lgonzales3c@live.com
122,Donna,Greene,dgreene3d@amazon.com
123,Christine,Reyes,creyes3e@chicagotribune.com
124,Evelyn,Edwards,eedwards3f@mashable.com
125,Marilyn,Williams,mwilliams3g@amazonaws.com
126,Paul,Day,pday3h@mozilla.org
127,Jason,Lawrence,jlawrence3i@springer.com
128,Joe,Murphy,jmurphy3j@hud.gov
129,Jerry,Nelson,jnelson3k@jugem.jp
130,Charles,Gomez,cgomez3l@goodreads.com
131,Mildred,Sullivan,msullivan3m@mit.edu
132,Scott,Armstrong,sarmstrong3n@reference.com
133,Bonnie,Thomas,bthomas3o@reference.com
134,Donald,Burton,dburton3p@imdb.com
135,Christine,Campbell,ccampbell3q@diigo.com
136,Irene,Sanders,isanders3r@free.fr
137,Anne,Allen,aallen3s@japanpost.jp
138,Christine,Reid,creid3t@soup.io
139,Christine,Hudson,chudson3u@studiopress.com
140,Norma,Knight,nknight3v@google.fr
141,Robin,Mendoza,rmendoza3w@gmpg.org
142,Daniel,Cruz,dcruz3x@bbb.org
143,Carlos,Hunt,chunt3y@odnoklassniki.ru
144,Mary,Romero,mromero3z@washington.edu
145,Joan,Meyer,jmeyer40@usda.gov
146,Amanda,Ferguson,aferguson41@joomla.org
147,Peter,Spencer,pspencer42@so-net.ne.jp
148,Richard,Kelley,rkelley43@bluehost.com
149,Arthur,Alvarez,aalvarez44@businessweek.com
150,Gregory,Bennett,gbennett45@mozilla.org
151,Deborah,Barnes,dbarnes46@51.la
152,Charles,Boyd,cboyd47@gravatar.com
153,Jonathan,Hayes,jhayes48@ning.com
154,Billy,Mendoza,bmendoza49@geocities.jp
155,Juan,Wells,jwells4a@epa.gov
156,Maria,Jacobs,mjacobs4b@blogs.com
157,Gloria,Olson,golson4c@umn.edu
158,Sharon,Olson,solson4d@ocn.ne.jp
159,George,Ortiz,gortiz4e@tmall.com
160,Helen,Wright,hwright4f@ask.com
161,Thomas,Cook,tcook4g@wufoo.com
162,Aaron,Richards,arichards4h@blinklist.com
163,Linda,Cruz,lcruz4i@discovery.com
164,Kelly,Elliott,kelliott4j@businessinsider.com
165,Billy,Mccoy,bmccoy4k@lulu.com
166,Gary,Stevens,gstevens4l@aol.com
167,Frances,Ellis,fellis4m@time.com
168,Steven,Miller,smiller4n@amazon.de
169,Pamela,Brown,pbrown4o@discovery.com
170,Lawrence,Rivera,lrivera4p@epa.gov
171,Todd,Fox,tfox4q@joomla.org
172,Chris,Williamson,cwilliamson4r@1688.com
173,Sandra,Riley,sriley4s@e-recht24.de
174,Melissa,Porter,mporter4t@pbs.org
175,Martha,Stone,mstone4u@chron.com
176,Jean,Jackson,jjackson4v@free.fr
177,Tina,Gonzales,tgonzales4w@usnews.com
178,Helen,Myers,hmyers4x@t-online.de
179,Annie,Cox,acox4y@dagondesign.com
180,Wayne,Wagner,wwagner4z@ameblo.jp
181,Ryan,Robertson,rrobertson50@cornell.edu
182,Martin,Rivera,mrivera51@live.com
183,Frank,Marshall,fmarshall52@whitehouse.gov
184,Gloria,Duncan,gduncan53@delicious.com
185,Carlos,Bryant,cbryant54@ebay.co.uk
186,Michelle,Collins,mcollins55@booking.com
187,Adam,Pierce,apierce56@scribd.com
188,Michael,Watson,mwatson57@businessinsider.com
189,Carl,Mcdonald,cmcdonald58@google.com
190,Benjamin,Lopez,blopez59@thetimes.co.uk
191,Justin,Ellis,jellis5a@sourceforge.net
192,Henry,Torres,htorres5b@independent.co.uk
193,Anne,Sims,asims5c@hud.gov
194,Brian,Alexander,balexander5d@fastcompany.com
195,Robin,Shaw,rshaw5e@cargocollective.com
196,Sarah,Arnold,sarnold5f@blogspot.com
197,Sandra,Henderson,shenderson5g@kickstarter.com
198,Eric,Kelley,ekelley5h@go.com
199,Diane,Perry,dperry5i@umich.edu
200,Lillian,Harris,lharris5j@instagram.com
201,Keith,Shaw,kshaw5k@multiply.com
202,Julia,Smith,jsmith5l@eepurl.com
203,Teresa,Ramirez,tramirez5m@samsung.com
204,Tina,Carpenter,tcarpenter5n@moonfruit.com
205,Carl,Garza,cgarza5o@typepad.com
206,Irene,Hudson,ihudson5p@hhs.gov
207,Harry,Mendoza,hmendoza5q@omniture.com
208,Peter,Henderson,phenderson5r@amazon.co.jp
209,Kevin,Smith,ksmith5s@blogtalkradio.com
210,Julia,Lynch,jlynch5t@ucsd.edu
211,Ryan,Simmons,rsimmons5u@homestead.com
212,Pamela,Welch,pwelch5v@wisc.edu
213,Donna,Carter,dcarter5w@epa.gov
214,Cynthia,Brown,cbrown5x@sina.com.cn
215,Heather,Sims,hsims5y@google.co.uk
216,Scott,Wagner,swagner5z@so-net.ne.jp
217,Pamela,Arnold,parnold60@va.gov
218,Willie,Rogers,wrogers61@bloglovin.com
219,Roger,Crawford,rcrawford62@state.gov
220,Benjamin,Parker,bparker63@dagondesign.com
221,Mildred,Harvey,mharvey64@blinklist.com
222,Joan,Hansen,jhansen65@pen.io
223,Marie,Andrews,mandrews66@odnoklassniki.ru
224,Amanda,Gonzalez,agonzalez67@wired.com
225,Martin,Gutierrez,mgutierrez68@sitemeter.com
226,Frances,Powell,fpowell69@trellian.com
227,Rebecca,Wood,rwood6a@unc.edu
228,Douglas,Castillo,dcastillo6b@squidoo.com
229,Cheryl,Oliver,coliver6c@chronoengine.com
230,Craig,Jones,cjones6d@surveymonkey.com
231,Wanda,Matthews,wmatthews6e@berkeley.edu
232,Gloria,Evans,gevans6f@macromedia.com
233,Karen,Reyes,kreyes6g@comsenz.com
234,Donald,Perkins,dperkins6h@census.gov
235,Jesse,Meyer,jmeyer6i@businessinsider.com
236,Judy,Carr,jcarr6j@nsw.gov.au
237,Jimmy,Baker,jbaker6k@webnode.com
238,Melissa,Wood,mwood6l@telegraph.co.uk
239,Sarah,Cunningham,scunningham6m@privacy.gov.au
240,Phyllis,Sanders,psanders6n@techcrunch.com
241,Theresa,Marshall,tmarshall6o@newsvine.com
242,Alice,Day,aday6p@purevolume.com
243,Wayne,Johnson,wjohnson6q@nytimes.com
244,Judith,Bryant,jbryant6r@yandex.ru
245,Donna,Ferguson,dferguson6s@samsung.com
246,Roger,Black,rblack6t@tumblr.com
247,Donald,Wallace,dwallace6u@tumblr.com
248,Maria,Campbell,mcampbell6v@hubpages.com
249,Phillip,Garza,pgarza6w@seesaa.net
250,Aaron,Coleman,acoleman6x@indiatimes.com
251,Martin,Myers,mmyers6y@ftc.gov
252,Mildred,Clark,mclark6z@umich.edu
253,Heather,Boyd,hboyd70@cpanel.net
254,Jane,Welch,jwelch71@yahoo.co.jp
255,Judith,Lewis,jlewis72@rambler.ru
256,Jessica,Ward,jward73@youtube.com
257,Douglas,Lawrence,dlawrence74@time.com
258,Tammy,Mccoy,tmccoy75@dmoz.org
259,William,White,wwhite76@apple.com
260,Patrick,Bradley,pbradley77@addthis.com
261,Dorothy,Schmidt,dschmidt78@ustream.tv
262,Angela,Kelly,akelly79@epa.gov
263,Mary,Powell,mpowell7a@hc360.com
264,Ronald,Wright,rwright7b@macromedia.com
265,Dorothy,James,djames7c@tumblr.com
266,Richard,Elliott,relliott7d@yahoo.com
267,Carlos,Pierce,cpierce7e@sourceforge.net
268,Betty,Williamson,bwilliamson7f@amazonaws.com
269,Karen,Miller,kmiller7g@ihg.com
270,Joe,Fox,jfox7h@rambler.ru
271,Kathy,Campbell,kcampbell7i@tinyurl.com
272,Brian,Cruz,bcruz7j@multiply.com
273,Craig,Gomez,cgomez7k@sfgate.com
274,Emily,Stephens,estephens7l@vistaprint.com
275,Benjamin,Lawson,blawson7m@yolasite.com
276,Jerry,Andrews,jandrews7n@mysql.com
277,Dorothy,Moore,dmoore7o@g.co
278,Bobby,Matthews,bmatthews7p@time.com
279,Debra,Sims,dsims7q@abc.net.au
280,Donald,Rice,drice7r@comsenz.com
281,Beverly,Rivera,brivera7s@wp.com
282,Sandra,Andrews,sandrews7t@twitter.com
283,Virginia,Richards,vrichards7u@webeden.co.uk
284,Keith,Arnold,karnold7v@acquirethisname.com
285,Lois,Jones,ljones7w@newsvine.com
286,Harry,Fernandez,hfernandez7x@webs.com
287,Kimberly,Williamson,kwilliamson7y@privacy.gov.au
288,Doris,Bennett,dbennett7z@homestead.com
289,Albert,Vasquez,avasquez80@home.pl
290,Randy,Patterson,rpatterson81@cisco.com
291,Terry,Washington,twashington82@topsy.com
292,Anna,Franklin,afranklin83@globo.com
293,Laura,Porter,lporter84@networksolutions.com
294,Helen,Hansen,hhansen85@simplemachines.org
295,Eric,Cooper,ecooper86@jigsy.com
296,James,Lawson,jlawson87@europa.eu
297,Aaron,Mason,amason88@google.es
298,Jesse,Rivera,jrivera89@slideshare.net
299,Ralph,Oliver,roliver8a@guardian.co.uk
300,Larry,Murphy,lmurphy8b@house.gov
301,Henry,Alvarez,halvarez8c@imgur.com
302,Thomas,Romero,tromero8d@comcast.net
303,Diana,Little,dlittle8e@mac.com
304,Cheryl,Powell,cpowell8f@columbia.edu
305,Nicholas,Moreno,nmoreno8g@epa.gov
306,Johnny,Jordan,jjordan8h@phoca.cz
307,Wanda,Miller,wmiller8i@japanpost.jp
308,Mark,Cunningham,mcunningham8j@twitter.com
309,Phyllis,Gomez,pgomez8k@webmd.com
310,Kimberly,Hawkins,khawkins8l@yandex.ru
311,Russell,Howell,rhowell8m@dropbox.com
312,Michael,Armstrong,marmstrong8n@constantcontact.com
313,Sandra,Adams,sadams8o@illinois.edu
314,Scott,King,sking8p@ucla.edu
315,Tammy,Lane,tlane8q@amazonaws.com
316,Joshua,Pierce,jpierce8r@cnet.com
317,Russell,Rogers,rrogers8s@eventbrite.com
318,Victor,Young,vyoung8t@epa.gov
319,Sarah,Hunter,shunter8u@histats.com
320,Shawn,Morrison,smorrison8v@diigo.com
321,Joan,Fowler,jfowler8w@uiuc.edu
322,Jonathan,Ward,jward8x@weebly.com
323,Brenda,Howell,bhowell8y@webnode.com
324,John,Edwards,jedwards8z@51.la
325,Wanda,Barnes,wbarnes90@va.gov
326,Paul,Alexander,palexander91@canalblog.com
327,Irene,Watkins,iwatkins92@feedburner.com
328,Amanda,Garza,agarza93@bbc.co.uk
329,Rose,Gonzalez,rgonzalez94@joomla.org
330,Nicholas,Snyder,nsnyder95@csmonitor.com
331,Douglas,Meyer,dmeyer96@omniture.com
332,Virginia,Patterson,vpatterson97@ezinearticles.com
333,Jonathan,Phillips,jphillips98@sciencedaily.com
334,Todd,Williamson,twilliamson99@163.com
335,Wayne,Ramos,wramos9a@weather.com
336,Wanda,Richardson,wrichardson9b@theguardian.com
337,Earl,Morris,emorris9c@unicef.org
338,Ruth,Jenkins,rjenkins9d@feedburner.com
339,Lawrence,Ray,lray9e@de.vu
340,Rachel,Castillo,rcastillo9f@acquirethisname.com
341,Earl,Roberts,eroberts9g@examiner.com
342,Keith,Crawford,kcrawford9h@shutterfly.com
343,Harold,Brooks,hbrooks9i@go.com
344,Nicole,Gordon,ngordon9j@mediafire.com
345,Matthew,Ross,mross9k@dedecms.com
346,Kevin,Jackson,kjackson9l@bandcamp.com
347,Samuel,Kelly,skelly9m@howstuffworks.com
348,Rose,Ferguson,rferguson9n@adobe.com
349,Emily,Nelson,enelson9o@jigsy.com
350,Gloria,Harper,gharper9p@google.com.au
351,Linda,Jackson,ljackson9q@elegantthemes.com
352,Tammy,James,tjames9r@ocn.ne.jp
353,Irene,Warren,iwarren9s@dagondesign.com
354,Adam,Owens,aowens9t@japanpost.jp
355,Jennifer,Foster,jfoster9u@trellian.com
356,Ryan,Daniels,rdaniels9v@studiopress.com
357,Cheryl,Sims,csims9w@illinois.edu
358,Joseph,Bowman,jbowman9x@google.co.uk
359,Philip,Anderson,panderson9y@census.gov
360,Jane,Bowman,jbowman9z@smugmug.com
361,Aaron,Robinson,arobinsona0@loc.gov
362,Ronald,Collins,rcollinsa1@squarespace.com
363,Dennis,Watkins,dwatkinsa2@github.com
364,Amy,Ferguson,afergusona3@youku.com
365,Wayne,Black,wblacka4@mashable.com
366,Alan,Hunter,ahuntera5@csmonitor.com
367,Anna,Armstrong,aarmstronga6@bloomberg.com
368,Russell,Fox,rfoxa7@symantec.com
369,Kevin,Nelson,knelsona8@hc360.com
370,Jerry,Adams,jadamsa9@wikimedia.org
371,Adam,Wright,awrightaa@jigsy.com
372,Albert,Moreno,amorenoab@si.edu
373,Nicholas,Marshall,nmarshallac@un.org
374,Timothy,Hawkins,thawkinsad@sina.com.cn
375,Theresa,Matthews,tmatthewsae@e-recht24.de
376,Judy,Stanley,jstanleyaf@epa.gov
377,Clarence,Davis,cdavisag@yale.edu
378,Nicole,James,njamesah@businessinsider.com
379,Denise,Moore,dmooreai@ovh.net
380,Kathleen,Ryan,kryanaj@printfriendly.com
381,Steven,Kennedy,skennedyak@51.la
382,Diana,Hart,dhartal@feedburner.com
383,Anne,Peterson,apetersonam@ocn.ne.jp
384,Shawn,Butler,sbutleran@surveymonkey.com
385,Alice,Andrews,aandrewsao@imageshack.us
386,Matthew,Robertson,mrobertsonap@usatoday.com
387,Andrea,Mason,amasonaq@ow.ly
388,Roy,Lawson,rlawsonar@cdc.gov
389,Sandra,Stephens,sstephensas@blogspot.com
390,Larry,Hayes,lhayesat@comsenz.com
391,Carol,Jacobs,cjacobsau@blogspot.com
392,Douglas,Cole,dcoleav@auda.org.au
393,Juan,Cooper,jcooperaw@noaa.gov
394,Gregory,Martinez,gmartinezax@example.com
395,Lillian,Clark,lclarkay@histats.com
396,Elizabeth,Roberts,erobertsaz@bizjournals.com
397,David,Freeman,dfreemanb0@twitpic.com
398,Earl,Spencer,espencerb1@lycos.com
399,David,Anderson,dandersonb2@amazon.co.jp
400,Craig,Fields,cfieldsb3@ca.gov
401,Walter,Watkins,wwatkinsb4@taobao.com
402,Susan,Hill,shillb5@prweb.com
403,Richard,Powell,rpowellb6@networkadvertising.org
404,Sharon,Flores,sfloresb7@sbwire.com
405,Jessica,Hamilton,jhamiltonb8@squidoo.com
406,Juan,Hart,jhartb9@indiatimes.com
407,Judith,Bishop,jbishopba@nytimes.com
408,Deborah,Robertson,drobertsonbb@comcast.net
409,Anne,Larson,alarsonbc@jigsy.com
410,Joshua,Little,jlittlebd@economist.com
411,Keith,Simmons,ksimmonsbe@google.cn
412,Nicole,Watkins,nwatkinsbf@gizmodo.com
413,Marilyn,Griffin,mgriffinbg@ifeng.com
414,Cheryl,Vasquez,cvasquezbh@smugmug.com
415,Jeremy,Ramirez,jramirezbi@go.com
416,Jean,Hughes,jhughesbj@mac.com
417,Donna,Harvey,dharveybk@blogs.com
418,Joan,Carroll,jcarrollbl@so-net.ne.jp
419,Kevin,Ferguson,kfergusonbm@amazonaws.com
420,Wayne,Rice,wricebn@huffingtonpost.com
421,Frank,Hanson,fhansonbo@parallels.com
422,Lori,Owens,lowensbp@hud.gov
423,Anne,Walker,awalkerbq@cocolog-nifty.com
424,Douglas,Smith,dsmithbr@cbsnews.com
425,Daniel,Mason,dmasonbs@usgs.gov
426,Jonathan,Ray,jraybt@slashdot.org
427,Debra,Martin,dmartinbu@vinaora.com
428,Patricia,Franklin,pfranklinbv@jiathis.com
429,Albert,Johnston,ajohnstonbw@hp.com
430,Joe,Gutierrez,jgutierrezbx@pen.io
431,Catherine,Ryan,cryanby@discovery.com
432,Todd,Russell,trussellbz@newyorker.com
433,Katherine,Morgan,kmorganc0@slate.com
434,Anthony,Williams,awilliamsc1@pbs.org
435,Louis,Ford,lfordc2@e-recht24.de
436,Gregory,Ferguson,gfergusonc3@mayoclinic.com
437,Janet,Stewart,jstewartc4@shareasale.com
438,Anna,Ross,arossc5@blogs.com
439,Jessica,Frazier,jfrazierc6@blinklist.com
440,Amy,Schmidt,aschmidtc7@hud.gov
441,Louise,Henderson,lhendersonc8@stanford.edu
442,Peter,Palmer,ppalmerc9@mozilla.com
443,Johnny,Morris,jmorrisca@ycombinator.com
444,Walter,Reed,wreedcb@ow.ly
445,Samuel,Morales,smoralescc@adobe.com
446,Ryan,Hudson,rhudsoncd@mail.ru
447,Larry,Lopez,llopezce@mozilla.org
448,Lois,Brown,lbrowncf@barnesandnoble.com
449,Patrick,Chapman,pchapmancg@hibu.com
450,Dennis,Lee,dleech@blinklist.com
451,Jonathan,Welch,jwelchci@simplemachines.org
452,Christopher,Turner,cturnercj@arizona.edu
453,Earl,Hansen,ehansenck@trellian.com
454,Roger,Bishop,rbishopcl@techcrunch.com
455,Rachel,Reed,rreedcm@smugmug.com
456,Roger,Fernandez,rfernandezcn@accuweather.com
457,Wanda,Ferguson,wfergusonco@guardian.co.uk
458,Paul,Baker,pbakercp@wikimedia.org
459,Ruby,Martin,rmartincq@admin.ch
460,John,Sanchez,jsanchezcr@gmpg.org
461,Michael,Long,mlongcs@globo.com
462,Lois,Thompson,lthompsonct@fc2.com
463,Dennis,Henderson,dhendersoncu@youtu.be
464,Gary,Rose,grosecv@ehow.com
465,Harry,Porter,hportercw@adobe.com
466,Janet,Medina,jmedinacx@engadget.com
467,Willie,Davis,wdaviscy@github.io
468,Diana,Lynch,dlynchcz@dion.ne.jp
469,Peter,Bailey,pbaileyd0@domainmarket.com
470,Chris,Jackson,cjacksond1@goodreads.com
471,Harold,Henderson,hhendersond2@narod.ru
472,Deborah,Murray,dmurrayd3@ifeng.com
473,Clarence,Perry,cperryd4@bigcartel.com
474,Michelle,Baker,mbakerd5@ebay.com
475,Eugene,Rose,erosed6@1und1.de
476,Jesse,Woods,jwoodsd7@privacy.gov.au
477,Margaret,Hayes,mhayesd8@bigcartel.com
478,James,Phillips,jphillipsd9@independent.co.uk
479,Beverly,Dixon,bdixonda@phpbb.com
480,Dorothy,Peters,dpetersdb@i2i.jp
481,Martin,Carroll,mcarrolldc@si.edu
482,Juan,West,jwestdd@spiegel.de
483,Angela,Turner,aturnerde@walmart.com
484,Andrea,Duncan,aduncandf@amazonaws.com
485,Sara,Howard,showarddg@imageshack.us
486,Jeremy,Gardner,jgardnerdh@chicagotribune.com
487,Louis,Clark,lclarkdi@gov.uk
488,Maria,Mills,mmillsdj@booking.com
489,Tammy,Bishop,tbishopdk@reverbnation.com
490,Jacqueline,Pierce,jpiercedl@xinhuanet.com
491,Alice,Turner,aturnerdm@icq.com
492,Roy,Hall,rhalldn@trellian.com
493,Jack,Lynch,jlynchdo@salon.com
494,Mary,Banks,mbanksdp@google.pl
495,Evelyn,Adams,eadamsdq@tripod.com
496,Amy,Hernandez,ahernandezdr@creativecommons.org
497,Jimmy,Banks,jbanksds@unc.edu
498,Charles,Cox,ccoxdt@privacy.gov.au
499,Frank,Freeman,ffreemandu@stumbleupon.com
500,Steve,Gardner,sgardnerdv@blinklist.com
501,Richard,Sims,rsimsdw@biblegateway.com
502,Stephen,White,swhitedx@tinypic.com
503,Johnny,Jacobs,jjacobsdy@economist.com
504,Brandon,Sanchez,bsanchezdz@barnesandnoble.com
505,Louise,Sanders,lsanderse0@washington.edu
506,Brenda,Lewis,blewise1@paypal.com
507,Douglas,Arnold,darnolde2@dropbox.com
508,Diane,Hanson,dhansone3@paypal.com
509,Annie,Long,alonge4@hao123.com
510,Diana,Johnson,djohnsone5@npr.org
511,Joan,Perry,jperrye6@irs.gov
512,Gerald,Price,gpricee7@godaddy.com
513,Gloria,Burton,gburtone8@fema.gov
514,Brandon,Martinez,bmartineze9@instagram.com
515,Jack,Ortiz,jortizea@facebook.com
516,Catherine,Wagner,cwagnereb@timesonline.co.uk
517,Alice,Hart,ahartec@admin.ch
518,Victor,Willis,vwillised@psu.edu
519,Walter,Lopez,wlopezee@bbc.co.uk
520,Bruce,Freeman,bfreemanef@dagondesign.com
521,Timothy,Ellis,telliseg@wsj.com
522,Cheryl,Thompson,cthompsoneh@g.co
523,Craig,Moreno,cmorenoei@dagondesign.com
524,Emily,Kelly,ekellyej@xrea.com
525,Helen,Vasquez,hvasquezek@msu.edu
526,Peter,Reid,preidel@twitter.com
527,Henry,Murray,hmurrayem@umn.edu
528,Lawrence,Russell,lrussellen@jalbum.net
529,Helen,Ramos,hramoseo@bigcartel.com
530,Matthew,Gonzales,mgonzalesep@123-reg.co.uk
531,Janet,Duncan,jduncaneq@jalbum.net
532,Kathryn,Rose,kroseer@stumbleupon.com
533,Henry,King,hkinges@redcross.org
534,Shirley,Gray,sgrayet@comsenz.com
535,Joseph,Kennedy,jkennedyeu@baidu.com
536,Evelyn,Edwards,eedwardsev@bbb.org
537,Cheryl,Evans,cevansew@walmart.com
538,Nicholas,Pierce,npierceex@dion.ne.jp
539,Scott,Jordan,sjordaney@51.la
540,Jesse,Coleman,jcolemanez@deliciousdays.com
541,Adam,Hicks,ahicksf0@va.gov
542,Kimberly,Gardner,kgardnerf1@wsj.com
543,Jose,Davis,jdavisf2@uiuc.edu
544,Clarence,Elliott,celliottf3@elpais.com
545,Ruth,Clark,rclarkf4@goo.ne.jp
546,Denise,Morrison,dmorrisonf5@irs.gov
547,Andrew,Welch,awelchf6@fda.gov
548,Phyllis,Kim,pkimf7@nbcnews.com
549,Rachel,Richards,rrichardsf8@constantcontact.com
550,Martha,Long,mlongf9@goodreads.com
551,Dennis,Hunter,dhunterfa@privacy.gov.au
552,Steven,Johnson,sjohnsonfb@livejournal.com
553,Scott,Owens,sowensfc@friendfeed.com
554,Lisa,Harrison,lharrisonfd@dagondesign.com
555,David,Rice,dricefe@fotki.com
556,Cynthia,West,cwestff@themeforest.net
557,Jessica,Boyd,jboydfg@elegantthemes.com
558,Dorothy,Little,dlittlefh@businessweek.com
559,Rose,Moreno,rmorenofi@behance.net
560,Martha,Banks,mbanksfj@technorati.com
561,Andrew,Warren,awarrenfk@cocolog-nifty.com
562,Laura,West,lwestfl@yahoo.co.jp
563,Sharon,White,swhitefm@ucoz.com
564,Diana,Reyes,dreyesfn@house.gov
565,Nancy,Collins,ncollinsfo@smugmug.com
566,Doris,Barnes,dbarnesfp@ftc.gov
567,Jeremy,Wilson,jwilsonfq@sitemeter.com
568,Adam,Diaz,adiazfr@sogou.com
569,Dorothy,Matthews,dmatthewsfs@state.tx.us
570,Carl,Dixon,cdixonft@miitbeian.gov.cn
571,Edward,Long,elongfu@mapy.cz
572,Paul,Dunn,pdunnfv@telegraph.co.uk
573,Aaron,White,awhitefw@army.mil
574,George,Gray,ggrayfx@ning.com
575,Sharon,Oliver,soliverfy@artisteer.com
576,Louis,Hudson,lhudsonfz@xinhuanet.com
577,Roger,Rodriguez,rrodriguezg0@netlog.com
578,Ruth,Wood,rwoodg1@sbwire.com
579,Amy,Torres,atorresg2@woothemes.com
580,Cheryl,Kennedy,ckennedyg3@uiuc.edu
581,Kathy,Gonzales,kgonzalesg4@icio.us
582,Fred,Matthews,fmatthewsg5@godaddy.com
583,Cynthia,Burns,cburnsg6@sbwire.com
584,Irene,Spencer,ispencerg7@typepad.com
585,Jonathan,Washington,jwashingtong8@dell.com
586,Kathy,Knight,kknightg9@miitbeian.gov.cn
587,Rebecca,Kennedy,rkennedyga@usatoday.com
588,Kimberly,Sims,ksimsgb@oaic.gov.au
589,Brandon,Peterson,bpetersongc@umich.edu
590,Steve,Hill,shillgd@imdb.com
591,Nicholas,Campbell,ncampbellge@smh.com.au
592,Jeremy,Ray,jraygf@va.gov
593,Russell,Russell,rrussellgg@canalblog.com
594,Michelle,Patterson,mpattersongh@japanpost.jp
595,Catherine,Edwards,cedwardsgi@wsj.com
596,Steve,Sims,ssimsgj@de.vu
597,Angela,Morris,amorrisgk@naver.com
598,Ann,Frazier,afraziergl@facebook.com
599,Johnny,Ramos,jramosgm@mapy.cz
600,Keith,Kelley,kkelleygn@ucoz.com
601,Kathy,Wood,kwoodgo@ted.com
602,Lawrence,Hayes,lhayesgp@odnoklassniki.ru
603,Jimmy,Matthews,jmatthewsgq@google.co.jp
604,Steven,Rodriguez,srodriguezgr@hexun.com
605,James,Cruz,jcruzgs@washingtonpost.com
606,Donna,Cooper,dcoopergt@webeden.co.uk
607,Mildred,Jacobs,mjacobsgu@washingtonpost.com
608,George,Reid,greidgv@intel.com
609,Adam,Day,adaygw@sakura.ne.jp
610,Mary,Hawkins,mhawkinsgx@edublogs.org
611,Ronald,Murphy,rmurphygy@163.com
612,Virginia,Gutierrez,vgutierrezgz@ca.gov
613,Alan,Rose,aroseh0@livejournal.com
614,Charles,Howard,chowardh1@scribd.com
615,Pamela,Reed,preedh2@photobucket.com
616,Jean,Russell,jrussellh3@usgs.gov
617,Alice,Warren,awarrenh4@networksolutions.com
618,Albert,White,awhiteh5@ebay.com
619,Donald,Palmer,dpalmerh6@latimes.com
620,Ernest,Lawrence,elawrenceh7@ebay.co.uk
621,Catherine,Payne,cpayneh8@rambler.ru
622,Christina,Griffin,cgriffinh9@reverbnation.com
623,Nicholas,Alexander,nalexanderha@intel.com
624,Gary,Miller,gmillerhb@parallels.com
625,Lawrence,Garcia,lgarciahc@miitbeian.gov.cn
626,Annie,Adams,aadamshd@senate.gov
627,Steve,Collins,scollinshe@weebly.com
628,Joe,Daniels,jdanielshf@discovery.com
629,Judy,Boyd,jboydhg@columbia.edu
630,Margaret,Garrett,mgarretthh@hibu.com
631,Mark,Evans,mevanshi@mapquest.com
632,Janice,Reed,jreedhj@ovh.net
633,Betty,Woods,bwoodshk@uiuc.edu
634,Bonnie,Payne,bpaynehl@jugem.jp
635,Heather,Morrison,hmorrisonhm@g.co
636,Chris,Simmons,csimmonshn@drupal.org
637,Billy,James,bjamesho@elegantthemes.com
638,Michelle,Armstrong,marmstronghp@icq.com
639,Kathryn,Jackson,kjacksonhq@irs.gov
640,Barbara,Clark,bclarkhr@digg.com
641,Richard,Dean,rdeanhs@engadget.com
642,Julie,Andrews,jandrewsht@foxnews.com
643,Jennifer,Collins,jcollinshu@senate.gov
644,Jerry,Porter,jporterhv@berkeley.edu
645,Aaron,Palmer,apalmerhw@omniture.com
646,Evelyn,Richardson,erichardsonhx@ning.com
647,Walter,Sullivan,wsullivanhy@tumblr.com
648,Eugene,Robertson,erobertsonhz@latimes.com
649,Louise,Palmer,lpalmeri0@apple.com
650,Walter,Turner,wturneri1@google.es
651,Jack,Duncan,jduncani2@slate.com
652,Nicholas,Chapman,nchapmani3@cmu.edu
653,Joyce,Wheeler,jwheeleri4@reddit.com
654,Chris,Ward,cwardi5@cafepress.com
655,Cheryl,Hawkins,chawkinsi6@instagram.com
656,Helen,Gibson,hgibsoni7@census.gov
657,Carl,Kim,ckimi8@hexun.com
658,Michelle,Bailey,mbaileyi9@e-recht24.de
659,Susan,Carter,scarteria@mashable.com
660,Nancy,Warren,nwarrenib@amazon.de
661,Chris,Cook,ccookic@issuu.com
662,Judith,Wilson,jwilsonid@naver.com
663,Janice,Hayes,jhayesie@qq.com
664,George,Washington,gwashingtonif@sitemeter.com
665,Dorothy,Smith,dsmithig@mozilla.org
666,Fred,Mitchell,fmitchellih@sbwire.com
667,Roger,Lewis,rlewisii@goo.ne.jp
668,Helen,Adams,hadamsij@wikimedia.org
669,Larry,Kim,lkimik@ucoz.ru
670,Lillian,Chapman,lchapmanil@phoca.cz
671,Stephen,Hamilton,shamiltonim@networksolutions.com
672,William,Moreno,wmorenoin@edublogs.org
673,Robin,Peterson,rpetersonio@vinaora.com
674,Sandra,White,swhiteip@addthis.com
675,Carol,Richards,crichardsiq@fda.gov
676,Philip,Jenkins,pjenkinsir@google.com.br
677,Sharon,Riley,srileyis@vkontakte.ru
678,Anne,Gray,agrayit@joomla.org
679,Evelyn,Jenkins,ejenkinsiu@github.com
680,Christopher,Perry,cperryiv@fda.gov
681,Gerald,Brooks,gbrooksiw@google.pl
682,Philip,Bradley,pbradleyix@symantec.com
683,Barbara,Mills,bmillsiy@nba.com
684,Joseph,Howell,jhowelliz@chicagotribune.com
685,Emily,Montgomery,emontgomeryj0@shareasale.com
686,Joyce,Adams,jadamsj1@census.gov
687,Ann,Price,apricej2@examiner.com
688,Marie,Garcia,mgarciaj3@tinypic.com
689,Bonnie,Wells,bwellsj4@msu.edu
690,Anna,Carter,acarterj5@goo.ne.jp
691,Pamela,Hernandez,phernandezj6@boston.com
692,Cheryl,Carr,ccarrj7@jiathis.com
693,Janet,Ramos,jramosj8@craigslist.org
694,Jeremy,Morris,jmorrisj9@shinystat.com
695,Joseph,Ruiz,jruizja@admin.ch
696,Sharon,Spencer,sspencerjb@unicef.org
697,Janet,Powell,jpowelljc@ca.gov
698,Martin,Thomas,mthomasjd@smugmug.com
699,Linda,Griffin,lgriffinje@pbs.org
700,Denise,Kelly,dkellyjf@soup.io
701,Amanda,Frazier,afrazierjg@netvibes.com
702,Carl,Reid,creidjh@buzzfeed.com
703,Earl,Banks,ebanksji@engadget.com
704,Rebecca,Wagner,rwagnerjj@canalblog.com
705,Ruby,Wagner,rwagnerjk@techcrunch.com
706,Eugene,Jenkins,ejenkinsjl@dailymotion.com
707,Judy,Dean,jdeanjm@tumblr.com
708,Justin,Gutierrez,jgutierrezjn@skype.com
709,Carlos,Moreno,cmorenojo@slideshare.net
710,Patricia,Payne,ppaynejp@deviantart.com
711,Terry,Lawson,tlawsonjq@youku.com
712,Carl,Ortiz,cortizjr@w3.org
713,Craig,Rivera,criverajs@squarespace.com
714,Bruce,Hicks,bhicksjt@foxnews.com
715,Martin,Collins,mcollinsju@paypal.com
716,Benjamin,Snyder,bsnyderjv@mit.edu
717,Heather,Payne,hpaynejw@vimeo.com
718,Helen,Tucker,htuckerjx@wired.com
719,Randy,Larson,rlarsonjy@google.co.jp
720,Kathleen,Cook,kcookjz@mlb.com
721,Bobby,Greene,bgreenek0@yolasite.com
722,Pamela,Nguyen,pnguyenk1@about.com
723,Susan,Chavez,schavezk2@youtube.com
724,Ernest,Reynolds,ereynoldsk3@ca.gov
725,Andrea,Cruz,acruzk4@huffingtonpost.com
726,Victor,Wilson,vwilsonk5@jigsy.com
727,Sean,Matthews,smatthewsk6@businessweek.com
728,Johnny,Clark,jclarkk7@wisc.edu
729,Helen,Chapman,hchapmank8@bigcartel.com
730,Joshua,Woods,jwoodsk9@goodreads.com
731,Janet,Collins,jcollinska@jigsy.com
732,George,Jones,gjoneskb@unc.edu
733,Annie,Day,adaykc@php.net
734,Billy,Sanchez,bsanchezkd@epa.gov
735,Lillian,Butler,lbutlerke@archive.org
736,Betty,Martin,bmartinkf@springer.com
737,Mark,Watson,mwatsonkg@unicef.org
738,Shirley,Ross,srosskh@wunderground.com
739,Martin,Martin,mmartinki@so-net.ne.jp
740,Michael,Lawson,mlawsonkj@123-reg.co.uk
741,Andrea,George,ageorgekk@shinystat.com
742,Sharon,Myers,smyerskl@redcross.org
743,Amanda,Lane,alanekm@yellowbook.com
744,Doris,Fowler,dfowlerkn@netlog.com
745,Frank,Johnson,fjohnsonko@china.com.cn
746,Bonnie,Andrews,bandrewskp@altervista.org
747,Alan,Knight,aknightkq@webeden.co.uk
748,Jonathan,Roberts,jrobertskr@bloglines.com
749,Linda,Miller,lmillerks@wisc.edu
750,Aaron,Cooper,acooperkt@lycos.com
751,Melissa,Alexander,malexanderku@4shared.com
752,Christopher,Watkins,cwatkinskv@hubpages.com
753,Rachel,Hughes,rhugheskw@xinhuanet.com
754,Joe,Gibson,jgibsonkx@php.net
755,Billy,Warren,bwarrenky@hubpages.com
756,Judy,James,jjameskz@huffingtonpost.com
757,Mildred,Medina,mmedinal0@facebook.com
758,Jonathan,Cruz,jcruzl1@behance.net
759,Randy,Pierce,rpiercel2@mediafire.com
760,Helen,Holmes,hholmesl3@cbsnews.com
761,Laura,James,ljamesl4@wsj.com
762,Tammy,Richards,trichardsl5@nba.com
763,Jonathan,Cox,jcoxl6@deliciousdays.com
764,Ronald,Ryan,rryanl7@yellowbook.com
765,Carol,Boyd,cboydl8@dailymail.co.uk
766,Harold,Elliott,helliottl9@theguardian.com
767,Maria,Arnold,marnoldla@psu.edu
768,William,Meyer,wmeyerlb@fc2.com
769,Thomas,Garrett,tgarrettlc@fotki.com
770,Gerald,Johnson,gjohnsonld@barnesandnoble.com
771,Phillip,Welch,pwelchle@vinaora.com
772,Jeffrey,Phillips,jphillipslf@studiopress.com
773,Anna,Woods,awoodslg@g.co
774,Nicholas,Jones,njoneslh@merriam-webster.com
775,Earl,Hawkins,ehawkinsli@facebook.com
776,Patrick,Hansen,phansenlj@nationalgeographic.com
777,Benjamin,Dixon,bdixonlk@icq.com
778,Lois,Reyes,lreyesll@csmonitor.com
779,Juan,Hill,jhilllm@ifeng.com
780,Linda,Powell,lpowellln@ebay.com
781,Michelle,Young,myounglo@bigcartel.com
782,Keith,Chavez,kchavezlp@techcrunch.com
783,Joseph,Kelly,jkellylq@tiny.cc
784,Jane,Lawrence,jlawrencelr@howstuffworks.com
785,Eugene,Jordan,ejordanls@skype.com
786,Peter,George,pgeorgelt@deviantart.com
787,Debra,Rose,droselu@github.com
788,Tina,Banks,tbankslv@mail.ru
789,Deborah,Mason,dmasonlw@examiner.com
790,Benjamin,Rodriguez,brodriguezlx@youtu.be
791,Annie,Wagner,awagnerly@ucoz.ru
792,Melissa,Reid,mreidlz@gnu.org
793,Arthur,Dean,adeanm0@yandex.ru
794,Adam,Gordon,agordonm1@weibo.com
795,Stephanie,Simmons,ssimmonsm2@un.org
796,Nicholas,Morrison,nmorrisonm3@icq.com
797,Irene,Howard,ihowardm4@ycombinator.com
798,Rachel,Kelly,rkellym5@msu.edu
799,Willie,Romero,wromerom6@mysql.com
800,Jose,Dunn,jdunnm7@bravesites.com
801,Adam,Ruiz,aruizm8@china.com.cn
802,Robert,Moreno,rmorenom9@hud.gov
803,Russell,Hanson,rhansonma@google.com
804,Walter,Kennedy,wkennedymb@paypal.com
805,Anne,Burns,aburnsmc@whitehouse.gov
806,Chris,Griffin,cgriffinmd@comcast.net
807,Phillip,Freeman,pfreemanme@booking.com
808,Andrea,Garrett,agarrettmf@ucoz.ru
809,Bobby,Reid,breidmg@seesaa.net
810,Arthur,Crawford,acrawfordmh@imgur.com
811,Mark,Thompson,mthompsonmi@slashdot.org
812,Cynthia,Wagner,cwagnermj@shutterfly.com
813,Elizabeth,Hill,ehillmk@wikimedia.org
814,Martha,Bell,mbellml@wp.com
815,Kathryn,Richardson,krichardsonmm@berkeley.edu
816,Christine,Knight,cknightmn@mac.com
817,Bruce,Anderson,bandersonmo@boston.com
818,Harold,Nguyen,hnguyenmp@aol.com
819,Lawrence,Moore,lmooremq@cyberchimps.com
820,Kathy,Gordon,kgordonmr@acquirethisname.com
821,Carl,Rose,crosems@buzzfeed.com
822,George,Greene,ggreenemt@goodreads.com
823,Nancy,Gardner,ngardnermu@etsy.com
824,Bobby,Fuller,bfullermv@amazon.co.uk
825,Evelyn,Andrews,eandrewsmw@bing.com
826,Teresa,Murray,tmurraymx@imgur.com
827,Fred,Perkins,fperkinsmy@nasa.gov
828,Katherine,Stone,kstonemz@time.com
829,Ronald,Fox,rfoxn0@chron.com
830,Mark,Rivera,mriveran1@dyndns.org
831,Bonnie,Dixon,bdixonn2@elpais.com
832,Laura,Hunter,lhuntern3@nyu.edu
833,David,Dean,ddeann4@webeden.co.uk
834,Scott,Carpenter,scarpentern5@examiner.com
835,Janice,Banks,jbanksn6@instagram.com
836,Adam,Day,adayn7@deliciousdays.com
837,Ronald,Sanders,rsandersn8@spotify.com
838,Stephen,Hall,shalln9@spiegel.de
839,Todd,Coleman,tcolemanna@house.gov
840,Carlos,Miller,cmillernb@people.com.cn
841,Emily,Lane,elanenc@examiner.com
842,Aaron,Murphy,amurphynd@linkedin.com
843,Sarah,Duncan,sduncanne@techcrunch.com
844,Willie,Bailey,wbaileynf@statcounter.com
845,Jack,Stone,jstoneng@reference.com
846,Bruce,Moreno,bmorenonh@businessinsider.com
847,Nancy,Ross,nrossni@github.io
848,Mark,Cook,mcooknj@va.gov
849,Sara,Wheeler,swheelernk@state.gov
850,Katherine,King,kkingnl@narod.ru
851,Alan,Howard,ahowardnm@disqus.com
852,Julia,Oliver,jolivernn@ibm.com
853,Jessica,White,jwhiteno@hibu.com
854,Karen,Russell,krussellnp@sogou.com
855,Bobby,Cunningham,bcunninghamnq@hexun.com
856,Michael,Carr,mcarrnr@usatoday.com
857,Beverly,Green,bgreenns@joomla.org
858,Paula,Clark,pclarknt@pagesperso-orange.fr
859,Robert,Peterson,rpetersonnu@umich.edu
860,Jean,Wilson,jwilsonnv@tumblr.com
861,Sandra,Lynch,slynchnw@jimdo.com
862,Gary,Spencer,gspencernx@blinklist.com
863,Wayne,Wells,wwellsny@hhs.gov
864,Kimberly,Moore,kmoorenz@auda.org.au
865,Timothy,Burns,tburnso0@hatena.ne.jp
866,Rose,Jones,rjoneso1@nba.com
867,Christina,Allen,calleno2@ted.com
868,Irene,Perez,iperezo3@unicef.org
869,Ruby,Webb,rwebbo4@fema.gov
870,Jeffrey,Hernandez,jhernandezo5@comsenz.com
871,Louis,Bowman,lbowmano6@yahoo.co.jp
872,Matthew,Garrett,mgarretto7@nydailynews.com
873,Johnny,Sullivan,jsullivano8@theguardian.com
874,Norma,Gordon,ngordono9@squarespace.com
875,John,Jackson,jjacksonoa@stumbleupon.com
876,Mildred,Brooks,mbrooksob@washingtonpost.com
877,Kelly,Hansen,khansenoc@ocn.ne.jp
878,Amanda,Myers,amyersod@indiegogo.com
879,Dennis,Sanchez,dsanchezoe@constantcontact.com
880,Ronald,Richardson,rrichardsonof@buzzfeed.com
881,Russell,Kelley,rkelleyog@microsoft.com
882,Susan,Mcdonald,smcdonaldoh@furl.net
883,Russell,Welch,rwelchoi@dyndns.org
884,Keith,Brooks,kbrooksoj@pcworld.com
885,Janice,Hart,jhartok@yahoo.com
886,Roger,Ward,rwardol@cargocollective.com
887,Julie,Anderson,jandersonom@gov.uk
888,Gerald,Howard,ghowardon@parallels.com
889,Elizabeth,Franklin,efranklinoo@newsvine.com
890,Richard,Cunningham,rcunninghamop@1und1.de
891,Randy,Nelson,rnelsonoq@java.com
892,Joe,Dunn,jdunnor@techcrunch.com
893,Julia,Banks,jbanksos@europa.eu
894,Howard,Roberts,hrobertsot@miitbeian.gov.cn
895,Cheryl,Thompson,cthompsonou@discuz.net
896,Donald,Snyder,dsnyderov@answers.com
897,Roy,Long,rlongow@ca.gov
898,Mary,Green,mgreenox@discuz.net
899,Victor,Parker,vparkeroy@trellian.com
900,Rachel,Reed,rreedoz@youtu.be
901,Juan,Hunt,jhuntp0@issuu.com
902,Joan,Morgan,jmorganp1@psu.edu
903,Jimmy,Perez,jperezp2@imageshack.us
904,Kelly,Owens,kowensp3@naver.com
905,Joe,Cunningham,jcunninghamp4@google.fr
906,Aaron,Nguyen,anguyenp5@nytimes.com
907,Alan,Hawkins,ahawkinsp6@jigsy.com
908,Brenda,Reynolds,breynoldsp7@admin.ch
909,Edward,Jackson,ejacksonp8@oaic.gov.au
910,Sara,Johnson,sjohnsonp9@usgs.gov
911,Ruby,Dunn,rdunnpa@europa.eu
912,Jacqueline,Alvarez,jalvarezpb@bloglovin.com
913,Jacqueline,Barnes,jbarnespc@examiner.com
914,Carol,Andrews,candrewspd@buzzfeed.com
915,Tammy,Cooper,tcooperpe@g.co
916,James,Daniels,jdanielspf@elpais.com
917,Carlos,Perez,cperezpg@foxnews.com
918,Victor,Reyes,vreyesph@devhub.com
919,Janet,Graham,jgrahampi@icq.com
920,Andrea,Gonzales,agonzalespj@google.cn
921,Walter,Gibson,wgibsonpk@alexa.com
922,Shirley,Patterson,spattersonpl@wordpress.com
923,Tina,Medina,tmedinapm@apache.org
924,Lisa,Hill,lhillpn@imdb.com
925,Ann,Stewart,astewartpo@hao123.com
926,Annie,Bowman,abowmanpp@theatlantic.com
927,Justin,Gordon,jgordonpq@un.org
928,Kathryn,Coleman,kcolemanpr@admin.ch
929,William,Greene,wgreeneps@hc360.com
930,Julia,Thomas,jthomaspt@ca.gov
931,Walter,Rose,wrosepu@hao123.com
932,Kenneth,Franklin,kfranklinpv@ycombinator.com
933,Melissa,Martinez,mmartinezpw@npr.org
934,Eric,Lawson,elawsonpx@ucoz.com
935,Julie,Wilson,jwilsonpy@woothemes.com
936,Thomas,Lynch,tlynchpz@tmall.com
937,Daniel,James,djamesq0@shutterfly.com
938,Ruby,Torres,rtorresq1@pinterest.com
939,Anthony,Perkins,aperkinsq2@live.com
940,Ralph,Hanson,rhansonq3@google.com
941,Melissa,Miller,mmillerq4@cisco.com
942,Teresa,Elliott,telliottq5@symantec.com
943,James,Dean,jdeanq6@sciencedirect.com
944,Mildred,Berry,mberryq7@illinois.edu
945,Amy,Hart,ahartq8@oracle.com
946,Gloria,Larson,glarsonq9@nymag.com
947,Amanda,Mills,amillsqa@ning.com
948,Christine,Smith,csmithqb@msu.edu
949,Stephen,Ramirez,sramirezqc@dmoz.org
950,Jose,White,jwhiteqd@paypal.com
951,Frances,Chavez,fchavezqe@facebook.com
952,Carol,Allen,callenqf@mayoclinic.com
953,Kevin,Montgomery,kmontgomeryqg@epa.gov
954,Diane,Hawkins,dhawkinsqh@va.gov
955,Teresa,Powell,tpowellqi@vimeo.com
956,Albert,Richardson,arichardsonqj@utexas.edu
957,Stephen,Holmes,sholmesqk@usda.gov
958,Tina,Greene,tgreeneql@wikispaces.com
959,Shawn,Henderson,shendersonqm@craigslist.org
960,Christina,Anderson,candersonqn@cdc.gov
961,Jesse,Wheeler,jwheelerqo@liveinternet.ru
962,Michael,Oliver,moliverqp@alexa.com
963,Steve,Freeman,sfreemanqq@dot.gov
964,Jean,Lewis,jlewisqr@github.com
965,Timothy,White,twhiteqs@sakura.ne.jp
966,Andrea,Gomez,agomezqt@foxnews.com
967,Peter,Morris,pmorrisqu@simplemachines.org
968,Michelle,Vasquez,mvasquezqv@hp.com
969,Lillian,Lawrence,llawrenceqw@smugmug.com
970,Benjamin,Riley,brileyqx@comsenz.com
971,Kevin,Gomez,kgomezqy@bandcamp.com
972,Chris,Ruiz,cruizqz@techcrunch.com
973,Michelle,Lopez,mlopezr0@smh.com.au
974,Charles,Harper,charperr1@ucoz.com
975,Jason,Reid,jreidr2@barnesandnoble.com
976,Nancy,Reed,nreedr3@acquirethisname.com
977,Thomas,Lopez,tlopezr4@hp.com
978,Thomas,Fernandez,tfernandezr5@constantcontact.com
979,Nicholas,Adams,nadamsr6@mashable.com
980,Eric,Ward,ewardr7@newsvine.com
981,Robin,Garcia,rgarciar8@e-recht24.de
982,Aaron,Anderson,aandersonr9@usgs.gov
983,Fred,Hall,fhallra@domainmarket.com
984,Patrick,Gibson,pgibsonrb@mayoclinic.com
985,Scott,Fields,sfieldsrc@yellowpages.com
986,Howard,Weaver,hweaverrd@simplemachines.org
987,Michelle,Stephens,mstephensre@nih.gov
988,Carl,Brown,cbrownrf@tinypic.com
989,Sara,Perez,sperezrg@tripod.com
990,Angela,Morales,amoralesrh@sbwire.com
991,Christopher,Perry,cperryri@princeton.edu
992,David,Tucker,dtuckerrj@epa.gov
993,Susan,Jacobs,sjacobsrk@buzzfeed.com
994,John,Gonzales,jgonzalesrl@hexun.com
995,Sharon,Wood,swoodrm@cyberchimps.com
996,Robin,Ward,rwardrn@washington.edu
997,Rebecca,Nichols,rnicholsro@europa.eu
998,Shirley,Rice,sricerp@angelfire.com
999,Clarence,Ferguson,cfergusonrq@cbsnews.com
1000,Lillian,Hicks,lhicksrr@skype.com
